<application>
  <component name="AdvancedSettings">
    <option name="settings">
      <map>
        <entry key="bigger.font.in.project.view" value="true" />
        <entry key="confirm.rerun.with.termination" value="false" />
        <entry key="editor.normalize.splits" value="true" />
        <entry key="ide.remember.last.search.scope" value="true" />
        <entry key="ide.settings.move.mouse.on.default.button" value="true" />
        <entry key="ide.usages.page.size" value="30" />
      </map>
    </option>
  </component>
</application>