<application>
  <component name="com.intellij.ide.ui.customization.CustomActionsSchema">
    <group value="SearchEverywhere" is_action="true" action_type="-1" position="2">
      <path value="root" />
      <path value="Main Toolbar" />
      <path value="Right" />
      <option name="myInitialPosition" value="-1" />
    </group>
    <action id="XDebugger.ToggleEvaluateExpressionField" icon="org.intellij.plugins.markdown.ui.actions.styling.ToggleCodeSpanAction" />
    <action id="Debugger.Tree.EvaluateInConsole" icon="jar:file:/Library/Application%20Support/JamfAppInstallers/com.jetbrains.intellij/tmp/remove/IntelliJ%20IDEA.app/Contents/lib/app-client.jar!/expui/toolbar/unknown.svg" />
  </component>
</application>