<application>
  <component name="dataSourceStorage" format="xml" multifile-model="true">
    <data-source source="LOCAL" name="Dev1" uuid="03af5fca-3589-47e6-9c38-da6362f10eec">
      <driver-ref>mysql.8</driver-ref>
      <synchronize>true</synchronize>
      <jdbc-driver>com.mysql.cj.jdbc.Driver</jdbc-driver>
      <jdbc-url>jdbc:mysql://sdhx11641.hq.local:3301</jdbc-url>
      <jdbc-additional-properties>
        <property name="com.intellij.clouds.kubernetes.db.enabled" value="false" />
      </jdbc-additional-properties>
      <working-dir>$ProjectFileDir$</working-dir>
      <keep-alive enable="true" />
    </data-source>
  </component>
</application>