<application>
  <component name="GoFoldingSettings">
    <option name="isOneLineReturns" value="false" />
    <option name="isOneLinePanics" value="false" />
    <option name="isOneLineReturnFunctions" value="false" />
    <option name="isOneLineErrorHandlingBlocks" value="false" />
    <option name="isOneLineCaseClauses" value="false" />
    <option name="isEmptyFunctions" value="false" />
    <option name="isEmptyStructOrInterfaceTypeDefs" value="false" />
  </component>
  <component name="KotlinCodeInsightSettings">
    <option name="addUnambiguousImportsOnTheFly" value="true" />
  </component>
</application>