<application>
  <component name="UISettings">
    <option name="ACTIVATE_MRU_EDITOR_ON_CLOSE" value="true" />
    <option name="CLOSE_NON_MODIFIED_FILES_FIRST" value="true" />
    <option name="COLOR_BLINDNESS" value="deuteranopia" />
    <option name="EDITOR_TAB_LIMIT" value="1" />
    <option name="EDITOR_TAB_PLACEMENT" value="0" />
    <option name="OPEN_IN_PREVIEW_TAB_IF_POSSIBLE" value="true" />
    <option name="SHOW_DIRECTORY_FOR_NON_UNIQUE_FILENAMES" value="false" />
    <option name="SHOW_NAVIGATION_BAR" value="false" />
    <option name="UI_DENSITY" value="COMPACT" />
  </component>
</application>