<keymap version="1" name="Keegan Core" parent="Mac OS X 10.5+">
  <action id="ActivateBookmarksToolWindow" />
  <action id="ActivateCommitToolWindow" />
  <action id="ActivateDatabaseToolWindow">
    <keyboard-shortcut first-keystroke="meta 6" />
  </action>
  <action id="ActivateDebugToolWindow">
    <keyboard-shortcut first-keystroke="meta 3" />
  </action>
  <action id="ActivateEndpointsToolWindow">
    <keyboard-shortcut first-keystroke="meta 5" />
  </action>
  <action id="ActivateFindToolWindow" />
  <action id="ActivateProblemsViewToolWindow">
    <keyboard-shortcut first-keystroke="meta 4" />
  </action>
  <action id="ActivateRunToolWindow">
    <keyboard-shortcut first-keystroke="meta 2" />
  </action>
  <action id="ActivateServicesToolWindow" />
  <action id="ActivateStructureToolWindow" />
  <action id="ActivateVersionControlToolWindow" />
  <action id="AddToHarpoon">
    <keyboard-shortcut first-keystroke="shift ctrl h" />
  </action>
  <action id="ChangesView.ToggleCommitUi" />
  <action id="CheckinProject" />
  <action id="ChooseDebugConfiguration" />
  <action id="ChooseRunConfiguration" />
  <action id="DatabaseView.PropertiesAction" />
  <action id="Debug">
    <keyboard-shortcut first-keystroke="ctrl alt d" />
  </action>
  <action id="DuplicatesForm.SendToRight" />
  <action id="EditBreakpoint">
    <keyboard-shortcut first-keystroke="shift meta i" />
  </action>
  <action id="ExternalSystem.ProjectRefreshAction" />
  <action id="FileChooser.GotoModule" />
  <action id="FileChooser.GotoProject" />
  <action id="Find" />
  <action id="FindInPath">
    <keyboard-shortcut first-keystroke="meta f" />
  </action>
  <action id="FindUsagesInFile" />
  <action id="Git.Commit.Stage" />
  <action id="GotoClass" />
  <action id="GotoFile">
    <keyboard-shortcut first-keystroke="meta o" />
  </action>
  <action id="GotoLine" />
  <action id="GotoRow" />
  <action id="InsertLiveTemplate" />
  <action id="NewDir">
    <keyboard-shortcut first-keystroke="shift alt d" />
  </action>
  <action id="NextSplitter">
    <keyboard-shortcut first-keystroke="alt tab" />
    <keyboard-shortcut first-keystroke="meta k" />
  </action>
  <action id="Pause">
    <keyboard-shortcut first-keystroke="meta f7" />
  </action>
  <action id="Run">
    <keyboard-shortcut first-keystroke="ctrl alt r" />
  </action>
  <action id="ShowHarpoon">
    <keyboard-shortcut first-keystroke="ctrl h" />
  </action>
  <action id="SpeedSearch" />
  <action id="SplitChooser.NextWindow" />
  <action id="SplitVertically">
    <keyboard-shortcut first-keystroke="meta l" />
  </action>
  <action id="Terminal.ClearBuffer" />
  <action id="ToggleLineBreakpoint">
    <keyboard-shortcut first-keystroke="meta i" />
  </action>
  <action id="TypeHierarchy" />
  <action id="TypeHierarchyBase.BaseOnThisType" />
  <action id="Unsplit">
    <keyboard-shortcut first-keystroke="meta j" />
  </action>
  <action id="Vcs.Log.FocusTextFilter" />
  <action id="hg4idea.QFold" />
  <action id="org.intellij.plugins.markdown.ui.actions.styling.ToggleItalicAction" />
</keymap>